{"type":"Topology","arcs":[[[0,175],[175,0],[0,-163],[-19,-12],[-33,11],[-27,26],[-96,44],[0,94]]],"transform":{"scale":[0.0010378253421069012,0.0009985054252467762],"translate":[-76.71129366997027,39.197233450625134]},"objects":{"geo_export_da24a470-ceaa-45ac-ad23-5c9706e39a3d":{"type":"GeometryCollection","geometries":[{"type":"LineString","arcs":[0],"properties":{"id":0,"shape_leng":207126.513062,"perimeter":207126.51563,"boundary_":2,"length":207126.513,"area":2562713344,"boundary_i":0}}]}}}